﻿<?xml version="1.0" encoding="utf-8"?>
<ServiceManifest Name="ColorApiServicePkg"
                 Version="13.0.0"
                 xmlns="http://schemas.microsoft.com/2011/01/fabric"
                 xmlns:xsd="http://www.w3.org/2001/XMLSchema"
                 xmlns:xsi="http://www.w3.org/2001/XMLSchema-instance">
  <ServiceTypes>
    <StatelessServiceType ServiceTypeName="ColorApiServiceType" />
  </ServiceTypes>

  <!-- Code package is your service executable. -->
  <CodePackage Name="Code" Version="12.0.0">
    <EntryPoint>
      <ExeHost>
        <Program>ColorApiService.exe</Program>
        <WorkingFolder>CodePackage</WorkingFolder>
      </ExeHost>
    </EntryPoint>
  </CodePackage>

  <ConfigPackage Name="Config" Version="3.0.0" />

  <Resources>
    <Endpoints>
      <Endpoint Protocol="http" Name="RestServiceEndpoint" Type="Input" Port="80" />
    </Endpoints>
  </Resources>
</ServiceManifest>